{
  "id": "grand-hotel",
  "title": "Grand Hotel",
  "description": "Это игра про один безумный день из жизни les cadres, обслуживающего персонала элитного Отеля. Это игра о командном духе, решительности, преданности друг другу и своей униформе.",
  "version": "1.0",
  "compatibility": {
    "minimum": "13",
    "verified": "13"
  },
  "authors": [
    {
      "name": "Nikita Belov",
      "email": "comAT0Zz@gmail.com",
      "flags": {}
    }
  ],
  "documentTypes": {
    "Actor": {
      "porter": { "htmlFields": ["description", "notes"] },
      "metrdotel": { "htmlFields": ["description", "notes"] },
      "housemaid": { "htmlFields": ["description", "notes"] },
      "chef": { "htmlFields": ["description", "notes"] },
      "guest": { "htmlFields": ["notes"] },
      "hotel": { "htmlFields": ["description", "notes"] }
    },
    "Item": {
      "move": { "htmlFields": ["description", "examples", "results.on_10", "results.on_79", "results.on_6"] }
    }
  },
  "esmodules": [
    "esmodules/system.mjs"
  ],
  "styles": [
    "styles/system.css"
  ],
  "packs": [
    {
      "name": "moves",
      "label": "Ходы",
      "system": "grand-hotel",
      "path": "packs/moves",
      "type": "Item",
      "private": false,
      "flags": {},
      "ownership": {
          "PLAYER": "OBSERVER",
          "ASSISTANT": "OWNER"
      }
    },
    {
      "name": "helpers",
      "label": "Энциклопедия",
      "system": "grand-hotel",
      "path": "packs/helpers",
      "type": "JournalEntry",
      "private": false,
      "flags": {},
      "ownership": {
          "PLAYER": "OBSERVER",
          "ASSISTANT": "OWNER"
      }
    },
    {
      "name": "guests",
      "label": "Особые гости",
      "system": "grand-hotel",
      "path": "packs/guests",
      "type": "Actor",
      "private": false,
      "flags": {},
      "ownership": {
          "PLAYER": "OBSERVER",
          "ASSISTANT": "OWNER"
      }
    },
    {
      "name": "contacts",
      "label": "Связи les cadres",
      "system": "grand-hotel",
      "path": "packs/contacts",
      "type": "RollTable",
      "private": false,
      "flags": {},
      "ownership": {
          "PLAYER": "OBSERVER",
          "ASSISTANT": "OWNER"
      }
    }
  ],
  "languages": [
    {
      "lang": "ru",
      "name": "Russian",
      "path": "lang/ru.json",
      "flags": {}
    }
  ],
  "media": [
    {
      "type": "cover",
      "loop": false,
      "flags": {}
    },
    {
      "type": "setup",
      "url": "systems/grand-hotel/assets/cover.png",
      "thumbnail": "systems/grand-hotel/assets/cover.png"
    }
  ],
  "socket": true,
  "gridDistance": 1,
  "gridUnits": "m",
  "url": "https://github.com/comat0zz/fvtt-grand-hotel",
  "manifest": "https://github.com/comat0zz/fvtt-grand-hotel/releases/latest/download/system.json",
  "download": "https://github.com/comat0zz/fvtt-grand-hotel/releases/latest/download/grand-hotel.zip"
}